{"loss": 0.6554071203890172, "accuracy": 0.6818181872367859}